vote_id,timestamp_utc,robot,robot_label,country,region,city,event,source
1,2026-09-29T09:00:00.000Z,blue,Blue Bomber (This AI tech is amazing),,,,,seed
2,2026-09-29T09:00:01.000Z,blue,Blue Bomber (This AI tech is amazing),,,,,seed
3,2026-09-29T09:00:02.000Z,blue,Blue Bomber (This AI tech is amazing),,,,,seed
4,2026-09-29T09:00:03.000Z,blue,Blue Bomber (This AI tech is amazing),,,,,seed
5,2026-09-29T09:00:04.000Z,blue,Blue Bomber (This AI tech is amazing),,,,,seed
6,2026-09-29T09:00:05.000Z,blue,Blue Bomber (This AI tech is amazing),,,,,seed
7,2026-09-29T09:00:06.000Z,blue,Blue Bomber (This AI tech is amazing),,,,,seed
8,2026-09-29T09:00:07.000Z,blue,Blue Bomber (This AI tech is amazing),,,,,seed
9,2026-09-29T09:00:08.000Z,blue,Blue Bomber (This AI tech is amazing),,,,,seed
10,2026-09-29T09:00:09.000Z,blue,Blue Bomber (This AI tech is amazing),,,,,seed
11,2026-09-29T09:00:10.000Z,blue,Blue Bomber (This AI tech is amazing),,,,,seed
12,2026-09-29T09:00:11.000Z,blue,Blue Bomber (This AI tech is amazing),,,,,seed
13,2026-09-29T09:00:12.000Z,blue,Blue Bomber (This AI tech is amazing),,,,,seed
14,2026-09-29T09:00:13.000Z,blue,Blue Bomber (This AI tech is amazing),,,,,seed
15,2026-09-29T09:00:14.000Z,blue,Blue Bomber (This AI tech is amazing),,,,,seed
16,2026-09-29T09:00:15.000Z,blue,Blue Bomber (This AI tech is amazing),,,,,seed
17,2026-09-29T09:00:16.000Z,blue,Blue Bomber (This AI tech is amazing),,,,,seed
18,2026-09-29T09:00:17.000Z,blue,Blue Bomber (This AI tech is amazing),,,,,seed
19,2026-09-29T09:00:18.000Z,blue,Blue Bomber (This AI tech is amazing),,,,,seed
20,2026-09-29T09:00:19.000Z,blue,Blue Bomber (This AI tech is amazing),,,,,seed
21,2026-09-29T09:00:20.000Z,blue,Blue Bomber (This AI tech is amazing),,,,,seed
22,2026-09-29T09:00:21.000Z,blue,Blue Bomber (This AI tech is amazing),,,,,seed
23,2026-09-29T09:00:22.000Z,blue,Blue Bomber (This AI tech is amazing),,,,,seed
24,2026-09-29T09:00:23.000Z,blue,Blue Bomber (This AI tech is amazing),,,,,seed
25,2026-09-29T09:00:24.000Z,blue,Blue Bomber (This AI tech is amazing),,,,,seed
26,2026-09-29T09:00:25.000Z,blue,Blue Bomber (This AI tech is amazing),,,,,seed
27,2026-09-29T09:00:26.000Z,blue,Blue Bomber (This AI tech is amazing),,,,,seed
28,2026-09-29T09:00:27.000Z,blue,Blue Bomber (This AI tech is amazing),,,,,seed
29,2026-09-29T09:00:28.000Z,blue,Blue Bomber (This AI tech is amazing),,,,,seed
30,2026-09-29T09:00:29.000Z,blue,Blue Bomber (This AI tech is amazing),,,,,seed
31,2026-09-29T09:00:30.000Z,blue,Blue Bomber (This AI tech is amazing),,,,,seed
32,2026-09-29T09:00:31.000Z,blue,Blue Bomber (This AI tech is amazing),,,,,seed
33,2026-09-29T09:00:32.000Z,red,Red Rocker (AI is too dangerous),,,,,seed
34,2026-09-29T09:00:33.000Z,red,Red Rocker (AI is too dangerous),,,,,seed
35,2026-09-29T09:00:34.000Z,red,Red Rocker (AI is too dangerous),,,,,seed
36,2026-09-29T09:00:35.000Z,red,Red Rocker (AI is too dangerous),,,,,seed
37,2026-09-29T09:00:36.000Z,red,Red Rocker (AI is too dangerous),,,,,seed
38,2026-09-29T09:00:37.000Z,red,Red Rocker (AI is too dangerous),,,,,seed
39,2026-09-29T09:00:38.000Z,red,Red Rocker (AI is too dangerous),,,,,seed
40,2026-09-29T09:00:39.000Z,red,Red Rocker (AI is too dangerous),,,,,seed
41,2026-09-29T09:00:40.000Z,red,Red Rocker (AI is too dangerous),,,,,seed
42,2026-09-29T09:00:41.000Z,red,Red Rocker (AI is too dangerous),,,,,seed
43,2026-09-29T09:00:42.000Z,red,Red Rocker (AI is too dangerous),,,,,seed
44,2026-09-29T09:00:43.000Z,red,Red Rocker (AI is too dangerous),,,,,seed
45,2026-09-29T09:00:44.000Z,red,Red Rocker (AI is too dangerous),,,,,seed
46,2026-09-29T09:00:45.000Z,red,Red Rocker (AI is too dangerous),,,,,seed
47,2026-09-29T09:00:46.000Z,red,Red Rocker (AI is too dangerous),,,,,seed
48,2026-09-29T09:00:47.000Z,red,Red Rocker (AI is too dangerous),,,,,seed
49,2026-09-29T09:00:48.000Z,red,Red Rocker (AI is too dangerous),,,,,seed
50,2026-09-29T09:00:49.000Z,red,Red Rocker (AI is too dangerous),,,,,seed
51,2026-09-29T09:00:50.000Z,red,Red Rocker (AI is too dangerous),,,,,seed
52,2026-09-29T09:00:51.000Z,red,Red Rocker (AI is too dangerous),,,,,seed
53,2026-09-29T09:00:52.000Z,red,Red Rocker (AI is too dangerous),,,,,seed
54,2026-09-29T09:00:53.000Z,red,Red Rocker (AI is too dangerous),,,,,seed
55,2026-09-29T09:00:54.000Z,red,Red Rocker (AI is too dangerous),,,,,seed
56,2026-09-29T09:00:55.000Z,red,Red Rocker (AI is too dangerous),,,,,seed
57,2026-09-29T09:00:56.000Z,red,Red Rocker (AI is too dangerous),,,,,seed
58,2026-09-29T09:00:57.000Z,red,Red Rocker (AI is too dangerous),,,,,seed
59,2026-09-29T09:00:58.000Z,red,Red Rocker (AI is too dangerous),,,,,seed
60,2026-09-29T09:00:59.000Z,red,Red Rocker (AI is too dangerous),,,,,seed
61,2026-09-29T09:01:00.000Z,red,Red Rocker (AI is too dangerous),,,,,seed
62,2026-09-29T09:01:01.000Z,red,Red Rocker (AI is too dangerous),,,,,seed
63,2026-09-29T09:01:02.000Z,red,Red Rocker (AI is too dangerous),,,,,seed
64,2026-09-29T09:01:03.000Z,red,Red Rocker (AI is too dangerous),,,,,seed
65,2026-09-29T09:01:04.000Z,red,Red Rocker (AI is too dangerous),,,,,seed
66,2026-09-29T09:01:05.000Z,red,Red Rocker (AI is too dangerous),,,,,seed
67,2026-09-29T09:01:06.000Z,red,Red Rocker (AI is too dangerous),,,,,seed
68,2026-09-29T09:01:07.000Z,red,Red Rocker (AI is too dangerous),,,,,seed
69,2026-09-29T09:01:08.000Z,red,Red Rocker (AI is too dangerous),,,,,seed
70,2026-09-29T09:01:09.000Z,red,Red Rocker (AI is too dangerous),,,,,seed
71,2026-09-29T09:01:10.000Z,red,Red Rocker (AI is too dangerous),,,,,seed
72,2026-09-29T09:01:11.000Z,red,Red Rocker (AI is too dangerous),,,,,seed
73,2026-09-29T09:01:12.000Z,red,Red Rocker (AI is too dangerous),,,,,seed
74,2026-09-29T09:01:13.000Z,red,Red Rocker (AI is too dangerous),,,,,seed
75,2026-09-29T09:01:14.000Z,red,Red Rocker (AI is too dangerous),,,,,seed
76,2026-09-29T09:01:15.000Z,red,Red Rocker (AI is too dangerous),,,,,seed
77,2026-09-29T09:01:16.000Z,red,Red Rocker (AI is too dangerous),,,,,seed
78,2026-09-29T09:01:17.000Z,red,Red Rocker (AI is too dangerous),,,,,seed
79,2026-09-29T09:01:18.000Z,red,Red Rocker (AI is too dangerous),,,,,seed
80,2026-09-29T09:01:19.000Z,red,Red Rocker (AI is too dangerous),,,,,seed
81,2026-09-29T09:01:20.000Z,red,Red Rocker (AI is too dangerous),,,,,seed
82,2026-09-29T09:01:21.000Z,red,Red Rocker (AI is too dangerous),,,,,seed
83,2026-09-29T09:01:22.000Z,red,Red Rocker (AI is too dangerous),,,,,seed
84,2026-09-29T09:01:23.000Z,red,Red Rocker (AI is too dangerous),,,,,seed
85,2026-09-29T09:01:24.000Z,red,Red Rocker (AI is too dangerous),,,,,seed
86,2026-09-29T09:01:25.000Z,red,Red Rocker (AI is too dangerous),,,,,seed
87,2026-09-29T09:01:26.000Z,red,Red Rocker (AI is too dangerous),,,,,seed
88,2026-09-29T09:01:27.000Z,red,Red Rocker (AI is too dangerous),,,,,seed
89,2026-09-29T09:01:28.000Z,red,Red Rocker (AI is too dangerous),,,,,seed
90,2026-09-29T09:01:29.000Z,red,Red Rocker (AI is too dangerous),,,,,seed
91,2026-09-29T09:01:30.000Z,red,Red Rocker (AI is too dangerous),,,,,seed
92,2026-09-29T09:01:31.000Z,red,Red Rocker (AI is too dangerous),,,,,seed
93,2026-09-29T09:01:32.000Z,red,Red Rocker (AI is too dangerous),,,,,seed
94,2026-09-29T09:01:33.000Z,red,Red Rocker (AI is too dangerous),,,,,seed
95,2026-09-29T09:01:34.000Z,red,Red Rocker (AI is too dangerous),,,,,seed
96,2026-09-29T09:01:35.000Z,red,Red Rocker (AI is too dangerous),,,,,seed
97,2026-09-29T09:01:36.000Z,red,Red Rocker (AI is too dangerous),,,,,seed
98,2026-09-29T09:01:37.000Z,red,Red Rocker (AI is too dangerous),,,,,seed
99,2026-09-29T09:01:38.000Z,red,Red Rocker (AI is too dangerous),,,,,seed
100,2026-09-29T09:01:39.000Z,red,Red Rocker (AI is too dangerous),,,,,seed
101,2026-09-29T09:01:40.000Z,red,Red Rocker (AI is too dangerous),,,,,seed
102,2026-09-29T09:01:41.000Z,red,Red Rocker (AI is too dangerous),,,,,seed
103,2026-09-29T09:01:42.000Z,red,Red Rocker (AI is too dangerous),,,,,seed
104,2026-09-29T09:01:43.000Z,red,Red Rocker (AI is too dangerous),,,,,seed
105,2026-09-29T09:01:44.000Z,red,Red Rocker (AI is too dangerous),,,,,seed
106,2026-09-29T09:01:45.000Z,red,Red Rocker (AI is too dangerous),,,,,seed
107,2026-09-29T09:01:46.000Z,red,Red Rocker (AI is too dangerous),,,,,seed
109,2026-09-29T11:21:43.989Z,blue,Blue Bomber (This AI tech is amazing),GB,England,Thame,,test
110,2026-09-29T11:22:21.639Z,red,Red Rocker (AI is too dangerous),GB,England,Thame,,test
111,2026-09-29T11:22:26.906Z,blue,Blue Bomber (This AI tech is amazing),GB,England,Thame,,test
112,2026-09-29T11:23:54.174Z,red,Red Rocker (AI is too dangerous),GB,England,Thame,,test
113,2026-09-29T11:24:09.537Z,blue,Blue Bomber (This AI tech is amazing),GB,England,Thame,,test
114,2026-09-29T11:28:27.430Z,red,Red Rocker (AI is too dangerous),GB,England,Thame,,web
116,2026-09-29T12:01:51.613Z,red,Red Rocker (AI is too dangerous),GB,England,Thame,,web
117,2026-09-29T12:02:44.612Z,red,Red Rocker (AI is too dangerous),GB,England,Thame,,web
118,2026-09-29T12:05:42.090Z,blue,Blue Bomber (This AI tech is amazing),CA,Nova Scotia,Halifax,,web
119,2026-09-29T12:06:01.365Z,red,Red Rocker (AI is too dangerous),US,Georgia,Columbus,,web
120,2026-09-29T12:22:30.723Z,red,Red Rocker (AI is too dangerous),GB,England,Rochdale,,web
121,2026-09-29T12:30:31.617Z,blue,Blue Bomber (This AI tech is amazing),GB,England,Thame,,web
122,2026-09-29T14:07:47.708Z,blue,Blue Bomber (This AI tech is amazing),SE,Stockholm,Stockholm,,web
123,2026-09-29T14:39:24.297Z,red,Red Rocker (AI is too dangerous),US,New York,Ossining,,web
124,2026-09-29T20:51:56.709Z,blue,Blue Bomber (This AI tech is amazing),GB,England,Thame,,web
125,2026-09-29T20:52:56.993Z,red,Red Rocker (AI is too dangerous),GB,England,Thame,,web
126,2026-09-29T22:21:04.505Z,blue,Blue Bomber (This AI tech is amazing),AU,New South Wales,Sydney,,web
127,2026-09-30T00:41:39.900Z,red,Red Rocker (AI is too dangerous),US,Texas,Irving,,web
128,2026-10-01T14:24:40.828Z,red,Red Rocker (AI is too dangerous),GB,England,Thetford,,web
129,2026-10-01T14:33:14.637Z,blue,Blue Bomber (This AI tech is amazing),US,Illinois,Chicago,,web
130,2026-10-01T14:35:48.454Z,blue,Blue Bomber (This AI tech is amazing),US,New Jersey,Princeton,,web
131,2026-10-01T14:38:15.747Z,blue,Blue Bomber (This AI tech is amazing),DE,Baden-Wurttemberg,Karlsruhe,,web
132,2026-10-01T14:39:39.857Z,red,Red Rocker (AI is too dangerous),GB,England,Rochdale,,web
133,2026-10-01T14:55:44.559Z,blue,Blue Bomber (This AI tech is amazing),GB,England,Leeds,,web
134,2026-10-01T15:05:21.489Z,red,Red Rocker (AI is too dangerous),US,Pennsylvania,Conshohocken,,web
135,2026-10-01T15:08:06.206Z,blue,Blue Bomber (This AI tech is amazing),GB,England,London,,web
136,2026-10-01T15:19:20.528Z,blue,Blue Bomber (This AI tech is amazing),GB,England,London,,web
137,2026-10-01T15:31:00.528Z,red,Red Rocker (AI is too dangerous),GB,England,Manchester,,web
138,2026-10-01T15:43:34.800Z,red,Red Rocker (AI is too dangerous),GB,England,Kingston upon Hull,,web
139,2026-10-01T15:59:50.931Z,blue,Blue Bomber (This AI tech is amazing),NL,North Holland,Amsterdam,,web
140,2026-10-01T16:01:03.071Z,blue,Blue Bomber (This AI tech is amazing),GB,England,Rochdale,,web
141,2026-10-01T17:15:54.546Z,blue,Blue Bomber (This AI tech is amazing),NL,North Holland,Amsterdam,,web
142,2026-10-01T17:18:27.097Z,blue,Blue Bomber (This AI tech is amazing),CA,Ontario,Ottawa,,web
143,2026-10-01T17:53:45.661Z,red,Red Rocker (AI is too dangerous),US,Indiana,Noblesville,,web
144,2026-10-01T17:56:54.067Z,blue,Blue Bomber (This AI tech is amazing),US,District of Columbia,Washington,,web
145,2026-10-01T18:08:11.877Z,red,Red Rocker (AI is too dangerous),US,North Carolina,Charlotte,,web
146,2026-10-01T18:43:35.249Z,blue,Blue Bomber (This AI tech is amazing),IN,Uttar Pradesh,Ghāziābād,,web
147,2026-10-01T18:58:15.051Z,blue,Blue Bomber (This AI tech is amazing),US,South Carolina,Irmo,,web
148,2026-10-01T20:51:59.656Z,red,Red Rocker (AI is too dangerous),FR,Île-de-France,Évry,,web
149,2026-10-01T21:20:52.864Z,red,Red Rocker (AI is too dangerous),US,Illinois,Chicago,,web
150,2026-10-01T22:53:47.972Z,blue,Blue Bomber (This AI tech is amazing),IE,Leinster,Athlone,,web
151,2026-10-01T23:04:31.356Z,red,Red Rocker (AI is too dangerous),PH,National Capital Region,Manila,,web
152,2026-10-01T23:45:27.402Z,red,Red Rocker (AI is too dangerous),US,New Jersey,Forked River,,web
153,2026-10-01T23:50:30.350Z,red,Red Rocker (AI is too dangerous),US,Massachusetts,Longmeadow,,web
154,2026-10-02T01:04:12.269Z,red,Red Rocker (AI is too dangerous),US,Ohio,Columbus,,web
155,2026-10-02T03:13:22.787Z,red,Red Rocker (AI is too dangerous),US,New Jersey,Jersey City,,web
156,2026-10-02T04:39:48.958Z,red,Red Rocker (AI is too dangerous),CA,British Columbia,Vancouver,,web
157,2026-10-02T06:58:04.381Z,blue,Blue Bomber (This AI tech is amazing),ZA,Western Cape,Cape Town,,web
158,2026-10-02T07:00:35.210Z,blue,Blue Bomber (This AI tech is amazing),HU,Budapest,Budapest,,web
159,2026-10-02T07:15:22.308Z,red,Red Rocker (AI is too dangerous),HU,Budapest,Budapest,,web
160,2026-10-02T07:15:46.188Z,blue,Blue Bomber (This AI tech is amazing),HU,Budapest,Budapest,,web
161,2026-10-02T07:17:33.021Z,blue,Blue Bomber (This AI tech is amazing),HU,Budapest,Budapest,,web
162,2026-10-02T07:17:57.686Z,red,Red Rocker (AI is too dangerous),HU,Budapest,Budapest,,web
163,2026-10-02T07:18:25.199Z,red,Red Rocker (AI is too dangerous),HU,Budapest,Budapest,,web
164,2026-10-02T07:19:38.259Z,red,Red Rocker (AI is too dangerous),HU,Budapest,Budapest,,web
165,2026-10-02T07:22:58.991Z,red,Red Rocker (AI is too dangerous),HU,Budapest,Budapest,,web
166,2026-10-02T07:23:10.894Z,blue,Blue Bomber (This AI tech is amazing),HU,Budapest,Budapest,,web
167,2026-10-02T07:23:55.773Z,red,Red Rocker (AI is too dangerous),HU,Budapest,Budapest,,web
168,2026-10-02T07:24:41.086Z,blue,Blue Bomber (This AI tech is amazing),HU,Budapest,Budapest,,web
169,2026-10-02T07:24:41.908Z,blue,Blue Bomber (This AI tech is amazing),HU,Budapest,Budapest,,web
170,2026-10-02T07:25:29.945Z,blue,Blue Bomber (This AI tech is amazing),HU,Pest County,Vác,,web
171,2026-10-02T07:26:06.791Z,red,Red Rocker (AI is too dangerous),HU,Budapest,Budapest,,web
172,2026-10-02T07:27:12.349Z,blue,Blue Bomber (This AI tech is amazing),HU,Pest County,Vác,,web
173,2026-10-02T07:27:24.210Z,blue,Blue Bomber (This AI tech is amazing),HU,Budapest,Budapest,,web
174,2026-10-02T07:28:14.913Z,red,Red Rocker (AI is too dangerous),HU,Pest County,Vác,,web
175,2026-10-02T07:28:25.323Z,blue,Blue Bomber (This AI tech is amazing),HU,Pest County,Szigetszentmiklós,,web
176,2026-10-02T07:29:25.327Z,red,Red Rocker (AI is too dangerous),HU,Pest County,Vác,,web
177,2026-10-02T07:30:53.100Z,blue,Blue Bomber (This AI tech is amazing),HU,Budapest,Budapest,,web
178,2026-10-02T07:32:43.475Z,red,Red Rocker (AI is too dangerous),HU,Budapest,Budapest,,web
179,2026-10-02T07:35:37.736Z,blue,Blue Bomber (This AI tech is amazing),HU,Pest County,Vác,,web
180,2026-10-02T07:35:37.911Z,red,Red Rocker (AI is too dangerous),HU,Pest County,Vác,,web
181,2026-10-02T07:35:45.230Z,blue,Blue Bomber (This AI tech is amazing),HU,Budapest,Budapest,,web
182,2026-10-02T07:35:45.906Z,red,Red Rocker (AI is too dangerous),HU,Budapest,Budapest,,web
183,2026-10-02T07:35:46.918Z,blue,Blue Bomber (This AI tech is amazing),HU,Budapest,Budapest,,web
184,2026-10-02T07:35:52.568Z,blue,Blue Bomber (This AI tech is amazing),HU,Pest County,Vác,,web
185,2026-10-02T07:36:09.138Z,blue,Blue Bomber (This AI tech is amazing),HU,Pest County,Vác,,web
186,2026-10-02T07:37:01.672Z,red,Red Rocker (AI is too dangerous),HU,Pest County,Vác,,web
187,2026-10-02T07:39:00.326Z,blue,Blue Bomber (This AI tech is amazing),HU,Pest County,Vác,,web
188,2026-10-02T07:42:50.125Z,red,Red Rocker (AI is too dangerous),GB,England,London,,web
189,2026-10-02T07:53:35.234Z,red,Red Rocker (AI is too dangerous),HU,Budapest,Budapest,,web
190,2026-10-02T08:03:11.856Z,red,Red Rocker (AI is too dangerous),HU,Pest County,Vác,,web
191,2026-10-02T08:03:14.228Z,red,Red Rocker (AI is too dangerous),DE,State of Berlin,Berlin,,web
192,2026-10-02T08:08:07.993Z,blue,Blue Bomber (This AI tech is amazing),HU,Budapest,Budapest,,web
193,2026-10-02T08:14:38.558Z,blue,Blue Bomber (This AI tech is amazing),HU,Budapest,Budapest,,web
194,2026-10-02T08:14:49.381Z,red,Red Rocker (AI is too dangerous),HU,Pest County,Vác,,web
195,2026-10-02T08:14:59.759Z,blue,Blue Bomber (This AI tech is amazing),HU,Budapest,Budapest,,web
196,2026-10-02T08:14:59.946Z,red,Red Rocker (AI is too dangerous),HU,Pest County,Vác,,web
197,2026-10-02T08:15:02.072Z,red,Red Rocker (AI is too dangerous),HU,Budapest,Budapest,,web
198,2026-10-02T08:15:03.464Z,blue,Blue Bomber (This AI tech is amazing),CZ,Ústí nad Labem Region,Louny,,web
199,2026-10-02T08:15:26.491Z,red,Red Rocker (AI is too dangerous),DE,Saxony,Wurzen,,web
200,2026-10-02T08:15:34.081Z,blue,Blue Bomber (This AI tech is amazing),HU,Pest County,Vác,,web
201,2026-10-02T08:15:47.447Z,red,Red Rocker (AI is too dangerous),PL,Mazovia,Warsaw,,web
202,2026-10-02T08:16:21.852Z,blue,Blue Bomber (This AI tech is amazing),GB,England,Kettering,,web
203,2026-10-02T08:16:33.477Z,blue,Blue Bomber (This AI tech is amazing),HU,Budapest,Budapest,,web
204,2026-10-02T08:16:49.046Z,red,Red Rocker (AI is too dangerous),HU,Budapest,Budapest,,web
205,2026-10-02T08:16:54.652Z,red,Red Rocker (AI is too dangerous),SE,Gävleborg,Gävle,,web
206,2026-10-02T08:16:56.310Z,blue,Blue Bomber (This AI tech is amazing),HU,Jász-Nagykun-Szolnok,Szolnok,,web
207,2026-10-02T08:17:06.859Z,blue,Blue Bomber (This AI tech is amazing),HU,Budapest,Budapest,,web
208,2026-10-02T08:17:16.677Z,blue,Blue Bomber (This AI tech is amazing),HU,Budapest,Budapest,,web
209,2026-10-02T08:17:43.376Z,blue,Blue Bomber (This AI tech is amazing),HU,Budapest,Budapest,,web
210,2026-10-02T08:17:50.157Z,red,Red Rocker (AI is too dangerous),HU,Pest County,Vác,,web
211,2026-10-02T08:20:23.888Z,blue,Blue Bomber (This AI tech is amazing),HU,Budapest,Budapest,,web
212,2026-10-02T08:20:44.818Z,red,Red Rocker (AI is too dangerous),HU,Budapest,Budapest,,web
213,2026-10-02T08:28:28.533Z,red,Red Rocker (AI is too dangerous),HU,Budapest,Budapest,,web
214,2026-10-02T08:36:27.779Z,blue,Blue Bomber (This AI tech is amazing),IT,Veneto,Padua,,web
215,2026-10-02T08:36:47.041Z,blue,Blue Bomber (This AI tech is amazing),HU,Budapest,Budapest,,web
216,2026-10-02T08:48:10.458Z,blue,Blue Bomber (This AI tech is amazing),ES,Catalonia,Barcelona,,web
217,2026-10-02T09:08:36.149Z,red,Red Rocker (AI is too dangerous),HU,Budapest,Budapest,,web
218,2026-10-02T09:24:50.416Z,red,Red Rocker (AI is too dangerous),HU,Budapest,Budapest,,web
219,2026-10-02T09:27:35.470Z,blue,Blue Bomber (This AI tech is amazing),UA,Lviv,Lviv,,web
220,2026-10-02T09:28:55.544Z,blue,Blue Bomber (This AI tech is amazing),SE,Stockholm,Stockholm,,web
221,2026-10-02T09:32:05.267Z,red,Red Rocker (AI is too dangerous),HU,Pest County,Vác,,web
222,2026-10-02T09:38:29.936Z,blue,Blue Bomber (This AI tech is amazing),HU,Pest County,Vác,,web
223,2026-10-02T10:01:24.145Z,red,Red Rocker (AI is too dangerous),HU,Pest County,Vác,,web
224,2026-10-02T10:11:11.942Z,blue,Blue Bomber (This AI tech is amazing),HU,Budapest,Budapest,,web
225,2026-10-02T10:27:04.748Z,blue,Blue Bomber (This AI tech is amazing),HK,,Hong Kong,,web
226,2026-10-02T10:43:56.208Z,blue,Blue Bomber (This AI tech is amazing),HU,Pest County,Vác,,web
227,2026-10-02T11:28:16.501Z,blue,Blue Bomber (This AI tech is amazing),HU,Pest County,Vác,,web
228,2026-10-02T11:49:35.561Z,blue,Blue Bomber (This AI tech is amazing),HU,Budapest,Budapest,,web
229,2026-10-02T12:03:26.139Z,blue,Blue Bomber (This AI tech is amazing),HU,Budapest,Budapest,,web
230,2026-10-02T12:11:33.664Z,red,Red Rocker (AI is too dangerous),HU,Budapest,Budapest,,web
231,2026-10-02T12:19:48.190Z,red,Red Rocker (AI is too dangerous),HU,Pest County,Érd,,web
232,2026-10-02T12:54:48.947Z,blue,Blue Bomber (This AI tech is amazing),HU,Budapest,Budapest,,web
233,2026-10-02T12:56:23.473Z,blue,Blue Bomber (This AI tech is amazing),HU,Pest County,Vác,,web
234,2026-10-02T12:56:46.053Z,red,Red Rocker (AI is too dangerous),HU,Pest County,Vác,,web
235,2026-10-02T14:55:50.635Z,red,Red Rocker (AI is too dangerous),PL,Greater Poland,Poznań,,web
236,2026-10-02T18:25:48.838Z,blue,Blue Bomber (This AI tech is amazing),US,Minnesota,Minneapolis,,web
237,2026-10-03T22:40:08.938Z,red,Red Rocker (AI is too dangerous),US,California,Santa Monica,,web
238,2026-10-04T16:50:58.183Z,red,Red Rocker (AI is too dangerous),IT,Piedmont,Turin,,web
239,2026-10-04T18:52:08.105Z,blue,Blue Bomber (This AI tech is amazing),GB,England,Cannock,,web
240,2026-10-05T15:12:02.692Z,red,Red Rocker (AI is too dangerous),US,North Carolina,Charlotte,,web
241,2026-10-07T08:37:45.319Z,blue,Blue Bomber (This AI tech is amazing),GB,England,Bournemouth,,web
242,2026-10-07T11:07:27.780Z,blue,Blue Bomber (This AI tech is amazing),NL,North Holland,Amsterdam,,web
